{
  "project_info": {
    "project_number": "425726420715",
    "firebase_url": "https://milestone-one-36ad4-default-rtdb.firebaseio.com",
    "project_id": "milestone-one-36ad4",
    "storage_bucket": "milestone-one-36ad4.appspot.com"
  },
  "client": [
    {
      "client_info": {
        "mobilesdk_app_id": "1:425726420715:android:dec1174086858d4a5340ae",
        "android_client_info": {
          "package_name": "com.example.cart"
        }
      },
      "oauth_client": [
        {
          "client_id": "425726420715-eh6qhcorgh3bs6h1ierb6sc1v9o20hcj.apps.googleusercontent.com",
          "client_type": 3
        }
      ],
      "api_key": [
        {
          "current_key": "AIzaSyCde9SRHpsLHjlliYBJxvVu6E2bRmjAs48"
        }
      ],
      "services": {
        "appinvite_service": {
          "other_platform_oauth_client": [
            {
              "client_id": "425726420715-eh6qhcorgh3bs6h1ierb6sc1v9o20hcj.apps.googleusercontent.com",
              "client_type": 3
            }
          ]
        }
      }
    },
    {
      "client_info": {
        "mobilesdk_app_id": "1:425726420715:android:da5750db5202a1a25340ae",
        "android_client_info": {
          "package_name": "com.example.milestoneone"
        }
      },
      "oauth_client": [
        {
          "client_id": "425726420715-eh6qhcorgh3bs6h1ierb6sc1v9o20hcj.apps.googleusercontent.com",
          "client_type": 3
        }
      ],
      "api_key": [
        {
          "current_key": "AIzaSyCde9SRHpsLHjlliYBJxvVu6E2bRmjAs48"
        }
      ],
      "services": {
        "appinvite_service": {
          "other_platform_oauth_client": [
            {
              "client_id": "425726420715-eh6qhcorgh3bs6h1ierb6sc1v9o20hcj.apps.googleusercontent.com",
              "client_type": 3
            }
          ]
        }
      }
    },
    {
      "client_info": {
        "mobilesdk_app_id": "1:425726420715:android:6781724530364d925340ae",
        "android_client_info": {
          "package_name": "com.example.tutorials"
        }
      },
      "oauth_client": [
        {
          "client_id": "425726420715-eh6qhcorgh3bs6h1ierb6sc1v9o20hcj.apps.googleusercontent.com",
          "client_type": 3
        }
      ],
      "api_key": [
        {
          "current_key": "AIzaSyCde9SRHpsLHjlliYBJxvVu6E2bRmjAs48"
        }
      ],
      "services": {
        "appinvite_service": {
          "other_platform_oauth_client": [
            {
              "client_id": "425726420715-eh6qhcorgh3bs6h1ierb6sc1v9o20hcj.apps.googleusercontent.com",
              "client_type": 3
            }
          ]
        }
      }
    }
  ],
  "configuration_version": "1"
}